mid_idx,mid_freq,fine_idx,fine_freq,cosine,delta_MHz
0,1618.6523,23,1618.657264,0.8813952207565308,-0.004963999999972657
2,1618.6523,1212,1620.377135,0.8331805467605591,-1.7248349999999846
5,1618.6523,2071,1618.833977,0.9357935190200806,-0.18167700000003606
6,1618.6523,2802,1622.926444,0.9083322286605835,-4.274143999999978
8,1618.6523,1741,1620.232732,0.9211916923522949,-1.5804319999999734
9,1618.6523,2318,1621.473586,0.9050260186195374,-2.8212860000001
10,1618.6523,2760,1619.633269,0.9845393300056458,-0.9809689999999591
11,1618.6523,1799,1618.01286,0.9422149062156677,0.6394399999999223
12,1618.6523,110,1619.204518,0.8619636297225952,-0.552218000000039
13,1618.6523,797,1623.079176,0.9406548142433167,-4.426875999999993
14,1618.6523,1022,1618.221042,0.8888722658157349,0.43125800000007075
17,1618.6523,2739,1620.833667,0.907845675945282,-2.1813670000001366
20,1618.6523,1493,1618.02828,0.8667438626289368,0.6240199999999732
21,1618.6523,987,1622.534146,0.8397022485733032,-3.881845999999996
22,1618.6509,613,1623.086633,0.9224184155464172,-4.4357329999998
24,1618.6523,2881,1620.896696,0.8753675818443298,-2.2443960000000516
25,1618.6523,1217,1623.081302,0.951928973197937,-4.429002000000082
31,1618.6523,2851,1623.598846,0.9055182337760925,-4.946546000000126
34,1618.6523,926,1621.416824,0.9267866015434265,-2.7645239999999376
35,1618.6523,1850,1622.777212,0.8771910667419434,-4.124911999999995
38,1618.6509,1717,1619.962463,0.9558600187301636,-1.3115629999999783
39,1618.6523,231,1619.881069,0.9349036812782288,-1.2287690000000566
41,1618.6523,154,1618.202353,0.9319590926170349,0.4499470000000656
42,1618.6523,2193,1622.223741,0.8737534880638123,-3.57144100000005
43,1618.6523,306,1620.156409,0.9370577931404114,-1.5041089999999713
46,1618.6523,1085,1622.422242,0.8693643808364868,-3.7699420000001282
47,1618.6523,888,1622.382497,0.9046831130981445,-3.7301970000000892
50,1618.6523,2262,1622.276226,0.9590696096420288,-3.623925999999983
51,1618.6523,2579,1621.138531,0.9369779229164124,-2.486231000000089
52,1618.6523,583,1620.908249,0.9609941840171814,-2.2559490000001006
54,1618.6523,2389,1623.580404,0.9079793691635132,-4.928104000000076
56,1618.6523,179,1622.255696,0.927090048789978,-3.603395999999975
57,1618.6523,679,1619.530837,0.9635919332504272,-0.8785370000000512
58,1618.6523,2569,1620.832862,0.8911387920379639,-2.180562000000009
60,1618.6523,2528,1619.515026,0.8254008293151855,-0.862726000000066
64,1618.6523,2556,1621.798357,0.8455684185028076,-3.146056999999928
66,1618.6523,475,1620.997318,0.9333618879318237,-2.345017999999982
67,1618.6523,906,1618.797212,0.9233914017677307,-0.14491199999997662
68,1618.6509,336,1622.778939,0.846366822719574,-4.128038999999944
70,1618.6523,2890,1617.994465,0.8505218625068665,0.6578349999999773
72,1618.6523,2287,1619.204442,0.9635976552963257,-0.5521420000000035
73,1618.6523,1982,1619.960275,0.977009654045105,-1.3079749999999422
74,1618.6523,496,1620.241473,0.9792089462280273,-1.5891730000000734
75,1618.6523,444,1618.215413,0.9291285276412964,0.43688700000006975
77,1618.6523,737,1620.531913,0.8630956411361694,-1.879613000000063
78,1618.6523,2795,1618.86915,0.8947336077690125,-0.2168500000000222
79,1618.6523,28,1622.089843,0.9470704197883606,-3.437543000000005
80,1618.6523,2131,1619.972932,0.8057194948196411,-1.3206319999999323
81,1618.6523,1974,1621.828389,0.9509373903274536,-3.1760890000000472
82,1618.6523,2480,1620.129934,0.8569214344024658,-1.47763400000008
84,1618.6523,1561,1623.345151,0.8306939005851746,-4.692851000000019
85,1618.6523,337,1619.863272,0.8061661124229431,-1.2109720000000834
89,1618.6523,60,1618.463027,0.8764675259590149,0.1892729999999574
91,1618.6523,1199,1620.297446,0.9761587381362915,-1.645146000000068
93,1618.6523,873,1619.219975,0.9409899711608887,-0.5676750000000084
94,1618.6523,1868,1623.237479,0.9579442739486694,-4.5851789999999255
95,1618.6509,2936,1622.088323,0.9589085578918457,-3.4374229999998533
97,1618.6523,1661,1618.469914,0.9245621562004089,0.1823859999999513
100,1618.6523,1955,1622.848284,0.8647659420967102,-4.195983999999953
101,1618.6523,2695,1620.237367,0.9694966077804565,-1.585066999999981
103,1618.6523,2586,1618.125903,0.9736806154251099,0.5263969999998608
104,1618.6523,1479,1621.26864,0.9584027528762817,-2.6163400000000365
105,1618.6523,1490,1620.315406,0.8324695825576782,-1.6631059999999707
108,1618.6523,346,1621.869958,0.9296908974647522,-3.2176580000000286
109,1618.6523,2605,1622.740505,0.8714245557785034,-4.088205000000016
110,1618.6523,599,1620.041057,0.9147840738296509,-1.3887569999999414
111,1618.6523,1581,1618.611225,0.8260934352874756,0.0410749999998643
112,1618.6523,2408,1619.696282,0.9196822643280029,-1.0439820000001419
113,1618.6523,1408,1622.438394,0.8825012445449829,-3.7860940000000483
114,1618.6523,1434,1620.422755,0.9576910138130188,-1.7704550000000836
115,1618.6523,959,1622.673788,0.8729999661445618,-4.02148800000009
117,1618.6523,2433,1620.858558,0.8720550537109375,-2.2062579999999343
118,1618.6523,1670,1621.871458,0.8393397927284241,-3.2191580000001068
119,1618.6523,1097,1620.796463,0.9107109308242798,-2.144162999999935
120,1618.6523,510,1621.980177,0.9040884375572205,-3.327876999999944
121,1618.6523,1657,1619.880354,0.9577670097351074,-1.2280539999999291
124,1618.6523,2443,1618.41489,0.9435775279998779,0.23740999999995438
125,1618.6523,2555,1622.788061,0.9387023448944092,-4.135761000000002
127,1618.6523,783,1619.088831,0.8583759665489197,-0.43653100000005907
128,1618.6509,1487,1618.15079,0.9114261865615845,0.500110000000177
130,1618.6523,82,1620.519772,0.9618597626686096,-1.8674720000001344
134,1618.6523,1441,1619.536252,0.9438380599021912,-0.8839520000001357
136,1618.6523,1826,1618.084174,0.9522808194160461,0.5681259999998929
137,1618.6523,2937,1621.914304,0.9595655202865601,-3.2620039999999335
139,1618.6523,980,1618.413812,0.9271768927574158,0.23848799999996118
141,1618.6523,1697,1619.626656,0.9566764831542969,-0.9743559999999434
144,1618.6523,523,1620.120046,0.8599443435668945,-1.4677460000000337
145,1618.6523,2086,1620.783458,0.9022860527038574,-2.1311580000001413
147,1618.6523,1238,1621.082055,0.8104448914527893,-2.429755000000114
149,1618.6523,1478,1619.307507,0.8896412253379822,-0.6552070000000185
150,1618.6523,2499,1621.922392,0.8669048547744751,-3.270091999999977
152,1618.6523,2464,1619.826032,0.9382421374320984,-1.1737319999999727
153,1618.6523,1324,1619.246883,0.9661483764648438,-0.5945830000000569
156,1618.6523,2008,1619.79984,0.9696038365364075,-1.1475399999999354
157,1621.582,2028,1623.160514,0.9324904680252075,-1.5785139999998137
159,1618.6523,2397,1621.369173,0.890586793422699,-2.716873000000078
163,1621.582,2024,1622.652353,0.8372628688812256,-1.070352999999841
164,1624.5117,2668,1624.994768,0.9283667802810669,-0.48306800000000294
175,1618.6509,2518,1616.419109,0.7020218968391418,2.2317910000001575
176,1618.6523,1177,1621.959046,0.8728924989700317,-3.3067459999999755
177,1621.582,2257,1619.600505,0.8827718496322632,1.9814949999999953
180,1627.44,87,1626.093211,0.9043147563934326,1.3467889999999443
181,1624.5117,1582,1622.768814,0.846842348575592,1.7428859999999986
183,1624.5117,1682,1626.994897,0.9437621831893921,-2.4831970000000183
185,1627.4414,5,1626.466704,0.9067005515098572,0.9746959999999945
188,1621.582,70,1620.897878,0.7397502660751343,0.6841220000001158
192,1621.582,1089,1622.326805,0.9234763383865356,-0.7448049999998148
194,1624.5103,2619,1625.322727,0.7444556951522827,-0.8124270000000706
202,1618.6523,1486,1622.020315,0.8937805891036987,-3.368015000000014
206,1627.4414,2121,1626.101274,0.8803762197494507,1.3401259999998274
209,1624.5117,2040,1626.140215,0.9205922484397888,-1.6285149999998794
214,1545.4102,2999,1545.988997,0.8715774416923523,-0.578796999999895
223,1621.5806,908,1621.139576,0.7476083040237427,0.44102399999997033
226,1621.582,1666,1620.73856,0.8116487264633179,0.8434400000001006
228,1618.6523,1128,1616.325377,0.7902600765228271,2.326923000000079
229,1624.5117,2773,1623.367961,0.9139062166213989,1.143739000000096
230,1624.5117,2799,1624.992748,0.7810803651809692,-0.48104799999987335
231,1627.44,47,1626.137573,0.9657243490219116,1.3024270000000797
232,1618.6523,1592,1620.6505,0.9670557379722595,-1.998199999999997
233,1618.6509,420,1621.199607,0.8947950005531311,-2.548706999999922
234,1618.6523,2337,1619.815534,0.9689828157424927,-1.1632340000001022
236,1618.6523,726,1619.966509,0.9571706652641296,-1.314209000000119
238,1618.6523,238,1620.794825,0.948699414730072,-2.142524999999978
240,1618.6509,662,1620.656965,0.8297090530395508,-2.0060649999998077
241,1618.6523,1968,1618.09835,0.9076347351074219,0.5539499999999862
244,1618.6523,1047,1619.872405,0.9887998104095459,-1.2201050000001032
246,1624.5117,1569,1619.954489,0.9491751790046692,4.557211000000052
249,1627.4414,773,1626.082272,0.7627400159835815,1.3591279999998278
258,1627.4414,1816,1626.131382,0.8215836882591248,1.3100179999999
260,1627.4414,2364,1626.116842,0.918181836605072,1.3245580000000245
261,1624.5117,1969,1622.938282,0.8021502494812012,1.573417999999947
264,1615.7212,1360,1619.377792,0.9560348391532898,-3.656592000000046
265,1627.4414,2333,1626.132743,0.8948338031768799,1.3086570000000393
273,1621.582,127,1620.791302,0.8307473659515381,0.7906980000000203
276,1627.4414,388,1623.534258,0.9118025302886963,3.9071420000000217
277,1621.582,1230,1619.810505,0.7124126553535461,1.7714950000001863
278,1621.582,480,1617.129464,0.7475273609161377,4.452536000000009
281,1624.5117,2304,1623.792028,0.921468198299408,0.7196719999999459
282,1627.44,397,1622.490065,0.8847231864929199,4.949935000000096
287,1627.4414,751,1626.079075,0.9183392524719238,1.362324999999828
293,1621.582,1218,1616.824416,0.7907216548919678,4.757584000000179
294,1621.582,2275,1624.074675,0.8962486386299133,-2.492674999999963
295,1624.5117,2035,1622.391175,0.8279598951339722,2.1205250000000433
297,1618.6523,2210,1618.693993,0.7694723606109619,-0.04169300000012299
299,1624.5103,2172,1620.018039,0.796411395072937,4.492260999999871
301,1621.582,43,1620.520797,0.9220406413078308,1.061203000000205
302,1618.6523,19,1621.499221,0.896613359451294,-2.8469210000000658
303,1618.6509,2246,1622.470932,0.9568970799446106,-3.8200319999998555
306,1618.6523,2230,1621.405946,0.9313039779663086,-2.753646000000117
307,1618.6523,79,1620.667459,0.9342636466026306,-2.0151590000000397
308,1618.6523,65,1623.379811,0.9578022360801697,-4.7275110000000495
309,1618.6523,913,1619.14953,0.8072842955589294,-0.497229999999945
310,1618.6523,2704,1622.124222,0.9730306267738342,-3.4719219999999495
311,1618.6523,631,1621.467046,0.9474553465843201,-2.8147460000000137
313,1618.6523,2836,1623.071607,0.963962972164154,-4.419307000000117
314,1618.6509,1021,1620.493976,0.9400964379310608,-1.8430759999998827
315,1624.5117,2313,1626.444642,0.8557764887809753,-1.9329419999999118
320,1621.5806,2707,1616.954877,0.7161733508110046,4.625723000000107
324,1627.4414,2162,1622.529589,0.8649532198905945,4.911810999999943
327,1615.7227,447,1618.187472,0.9207770228385925,-2.464772000000039
333,1627.4414,793,1626.138247,0.9400358200073242,1.3031529999998384
334,1627.4414,373,1625.654502,0.8586107492446899,1.7868979999998373
337,1627.4414,2081,1626.104043,0.7560411095619202,1.3373569999998836
338,1627.4414,1301,1626.12557,0.8455798625946045,1.3158300000000054
341,1621.582,1276,1623.83733,0.9239488244056702,-2.255329999999958
346,1627.4414,1760,1626.116709,0.8946625590324402,1.3246910000000298
348,1627.44,1499,1622.729148,0.8649970293045044,4.710852000000159
350,1621.5806,369,1624.157863,0.7316351532936096,-2.5772629999999026
357,1621.582,2960,1621.326414,0.7675952315330505,0.2555859999999939
358,1624.5117,546,1623.663339,0.88347989320755,0.8483610000000681
361,1627.4414,1568,1626.071515,0.7460410594940186,1.3698849999998401
363,1621.582,1077,1618.919939,0.926675021648407,2.6620609999999942
367,1621.582,244,1619.135083,0.9035599827766418,2.4469170000002123
373,1627.44,2684,1626.137942,0.9608116149902344,1.3020579999999882
375,1618.6523,2996,1618.296392,0.9375708103179932,0.35590799999999945
376,1618.6523,2690,1619.567871,0.9743222594261169,-0.9155709999999999
377,1618.6523,1936,1619.107893,0.822298526763916,-0.45559300000013536
379,1618.6523,2510,1622.075588,0.9540429711341858,-3.423287999999957
380,1618.6523,1839,1620.776407,0.9319218397140503,-2.1241070000000946
381,1618.6523,1719,1620.112833,0.9330957531929016,-1.4605329999999412
382,1618.6509,427,1623.538358,0.8897414803504944,-4.887457999999924
383,1618.6523,1756,1623.005139,0.9569838047027588,-4.352839000000131
385,1627.4414,2717,1622.797319,0.9086353778839111,4.644080999999915
386,1621.582,1413,1623.514859,0.9153883457183838,-1.9328589999997803
391,1624.5117,680,1620.88535,0.9301830530166626,3.626350000000002
393,1621.582,1734,1622.813992,0.8116787075996399,-1.231991999999991
394,1627.4414,1985,1626.096239,0.7463765740394592,1.3451609999999619
395,1624.5117,821,1620.314953,0.7782663702964783,4.196746999999959
397,1624.5117,2781,1621.410599,0.8513555526733398,3.1011009999999715
398,1624.5117,1549,1622.230369,0.9062831997871399,2.281330999999909
402,1621.582,861,1625.295502,0.8014981746673584,-3.713501999999835
404,1627.4414,2609,1624.105993,0.835437536239624,3.335407000000032
405,1627.4414,1753,1626.114618,0.959011435508728,1.3267819999998665
409,1624.5117,1712,1621.917154,0.7817818522453308,2.5945460000000367
411,1621.582,255,1618.284392,0.9052212238311768,3.297608000000082
413,1621.582,291,1621.166586,0.8251446485519409,0.41541400000005524
414,1621.582,750,1623.607219,0.7771358489990234,-2.025218999999879
417,1618.6523,996,1619.954166,0.8789140582084656,-1.3018660000000182
419,1621.5806,852,1618.190221,0.8786218166351318,3.390378999999939
421,1618.6509,1186,1620.022279,0.9154930710792542,-1.3713789999999335
422,1618.6523,827,1620.587524,0.8567481637001038,-1.935224000000062
423,1627.4414,1972,1625.220587,0.9562146663665771,2.2208129999999073
426,1621.582,2412,1619.293937,0.8920909762382507,2.288063000000193
427,1627.4414,1194,1626.141848,0.8815065026283264,1.2995519999999487
428,1624.5103,831,1621.982913,0.7509621977806091,2.5273869999998624
430,1621.582,2128,1619.041842,0.7555220127105713,2.5401580000000195
431,1621.582,2551,1616.884662,0.8715451955795288,4.6973380000001725
435,1627.4414,2185,1626.074776,0.8722459673881531,1.3666240000000016
439,1621.582,2698,1621.133734,0.7152143716812134,0.4482660000001033
442,1621.582,1430,1622.998489,0.7567763328552246,-1.416488999999956
443,1621.582,1123,1620.56174,0.9340630769729614,1.0202600000000075
445,1627.4414,2918,1626.28071,0.7514368295669556,1.1606899999999314
448,1624.5117,1988,1622.243006,0.9380648136138916,2.268694000000096
449,1627.4414,1594,1624.084865,0.8319421410560608,3.3565349999998944
450,1624.5117,1716,1625.903817,0.7922058701515198,-1.392116999999871
451,1627.4414,582,1625.387466,0.9147695899009705,2.0539340000000266
453,1618.6523,2098,1621.911842,0.8887326717376709,-3.2595420000000104
455,1621.582,1028,1623.352169,0.8928098678588867,-1.7701689999998962
459,1621.582,1518,1618.871083,0.9131362438201904,2.7109170000001086
460,1618.6523,2191,1621.15413,0.9488584399223328,-2.501829999999927
461,1618.6523,401,1620.831812,0.9887072443962097,-2.1795119999999315
462,1618.6523,761,1619.91111,0.9085958003997803,-1.2588100000000395
463,1618.6523,2693,1621.758495,0.9631981253623962,-3.1061950000000706
464,1618.6523,565,1623.498088,0.9437235593795776,-4.845788000000084
465,1618.6523,2625,1621.679767,0.9528119564056396,-3.027467000000115
466,1618.6523,2377,1623.074457,0.8587267398834229,-4.42215699999997
468,1618.6523,1163,1623.5239,0.9446551203727722,-4.871599999999944
469,1618.6523,791,1621.285628,0.9672609567642212,-2.6333280000001196
470,1618.6523,1359,1620.36848,0.9209030866622925,-1.7161800000001222
471,1621.582,1763,1620.789258,0.8119232654571533,0.7927420000000893
473,1621.582,589,1616.80481,0.7277486324310303,4.777190000000019
474,1621.582,1340,1619.118853,0.9390294551849365,2.4631470000001627
478,1627.4414,2758,1625.542869,0.8611736297607422,1.8985309999998208
479,1621.582,2141,1625.077168,0.8597564697265625,-3.4951679999999214
480,1618.6523,1228,1616.463228,0.9176361560821533,2.1890719999998964
481,1627.4414,2067,1626.086304,0.7489458918571472,1.3550960000000032
482,1621.582,331,1621.170226,0.9206656217575073,0.4117740000001504
484,1627.4414,1769,1626.118964,0.860537052154541,1.3224359999999251
485,1624.5117,1055,1621.728309,0.8208070993423462,2.7833909999999378
490,1621.582,1125,1621.848,0.9353509545326233,-0.265999999999849
492,1621.582,1672,1625.586393,0.8237547278404236,-4.004392999999936
498,1624.5117,2371,1620.532243,0.788364827632904,3.979456999999911
500,1624.5103,2564,1621.006762,0.8489155769348145,3.503537999999935
502,1621.582,547,1618.673109,0.7732064127922058,2.9088910000000396
503,1621.582,2631,1623.082456,0.7569806575775146,-1.5004559999999856
507,1627.4414,736,1623.55607,0.9301993250846863,3.88532999999984
509,1621.582,1150,1620.415254,0.7580258846282959,1.1667460000001029
516,1627.4414,2801,1626.123448,0.9168603420257568,1.3179519999998774
519,1627.4414,938,1625.774838,0.8818882703781128,1.6665619999998853
520,1621.582,116,1624.658064,0.8768288493156433,-3.0760639999998602
521,1618.6523,1200,1617.189389,0.8532344102859497,1.4629110000000765
524,1621.582,1481,1618.924694,0.8536525964736938,2.6573060000000623
525,1624.5117,2611,1619.785939,0.8143550753593445,4.72576099999992
529,1627.4414,645,1625.625285,0.8312563300132751,1.8161149999998543
530,1627.4414,1442,1626.107753,0.8061169981956482,1.333646999999928
531,1618.6523,1655,1621.99479,0.815238893032074,-3.342489999999998
534,1618.6523,1117,1623.422834,0.9466474056243896,-4.770533999999998
538,1618.6523,1346,1621.415203,0.8631815910339355,-2.762903000000051
540,1618.6523,803,1615.726543,0.9215237498283386,2.925756999999976
541,1618.6523,696,1620.755031,0.9506478309631348,-2.102730999999949
542,1618.6523,1083,1619.996594,0.8683848977088928,-1.3442939999999908
543,1627.4414,1440,1626.07907,0.9141138792037964,1.362329999999929
545,1624.5117,235,1622.631876,0.9098778367042542,1.8798240000000987
549,1627.4414,146,1626.103949,0.764995813369751,1.3374509999998736
551,1627.4414,2954,1625.755199,0.8821502923965454,1.6862009999999827
555,1627.4414,2821,1625.549882,0.8874163031578064,1.8915179999999054
556,1624.5103,1679,1620.159969,0.9509407877922058,4.350330999999869
557,1627.4414,2323,1626.145503,0.914463460445404,1.295896999999968
558,1627.4414,2402,1626.092824,0.9590972661972046,1.3485759999998663
561,1627.4414,1503,1625.722046,0.8206402659416199,1.7193539999998393
564,1627.4414,1336,1624.083948,0.8563874363899231,3.3574519999999666
565,1627.4414,721,1622.558347,0.9408025145530701,4.883053000000018
567,1624.5103,1050,1623.861593,0.9224575757980347,0.6487069999998312
569,1621.582,1934,1617.331032,0.6716434955596924,4.250968000000057
572,1627.4414,315,1622.904327,0.7348117232322693,4.537072999999964
573,1624.5117,2909,1627.390302,0.8155850768089294,-2.8786020000000008
574,1621.582,2451,1620.458574,0.8548986315727234,1.1234260000001086
575,1621.582,2633,1618.32655,0.856368362903595,3.25545000000011
576,1627.4414,2915,1623.582942,0.8311662077903748,3.858457999999928
578,1621.582,1706,1625.904609,0.9462820887565613,-4.322608999999829
579,1618.6523,1343,1619.277547,0.8169469833374023,-0.6252469999999448
580,1621.582,2804,1617.647471,0.9021267294883728,3.9345290000001114
588,1621.582,952,1620.271266,0.8144708871841431,1.3107340000001386
589,1621.582,109,1620.750479,0.7874482870101929,0.8315210000000661
590,1627.4414,1,1624.058451,0.7725914120674133,3.382948999999826
591,1624.5103,1587,1622.115509,0.9351181387901306,2.394790999999941
596,1618.6523,1202,1619.821477,0.885447084903717,-1.1691769999999906
597,1618.6523,97,1621.360218,0.8638653755187988,-2.7079180000000633
600,1618.6509,348,1622.88127,0.9201759696006775,-4.2303699999999935
601,1618.6523,1945,1618.034919,0.9840230941772461,0.617381000000023
602,1618.6523,1209,1621.274468,0.9498776793479919,-2.6221680000001015
604,1618.6523,2752,1622.803248,0.9585205316543579,-4.150947999999971
605,1618.6523,349,1620.486969,0.9206371307373047,-1.8346690000000763
606,1618.6523,2566,1620.107613,0.8128648400306702,-1.4553129999999328
607,1618.6523,1273,1622.541547,0.9237257242202759,-3.8892470000000685
608,1618.6509,877,1620.866403,0.8903736472129822,-2.2155029999998987
609,1618.6509,1042,1621.146874,0.888468325138092,-2.495973999999933
610,1618.6523,1187,1618.428974,0.9215337038040161,0.22332600000004277
611,1621.582,2391,1625.169741,0.7521048784255981,-3.5877409999998235
612,1624.5117,2132,1620.659471,0.6769784688949585,3.8522290000000794
613,1627.4414,2263,1626.073642,0.9086976051330566,1.367757999999867
614,1621.582,699,1622.104746,0.9230676293373108,-0.52274599999987
615,1624.5117,2351,1620.448541,0.9178486466407776,4.0631590000000415
617,1627.4414,907,1625.695517,0.8902161717414856,1.7458829999998215
618,1627.4414,2053,1626.140088,0.8413907885551453,1.3013119999998253
619,1621.582,2108,1620.225244,0.8002488613128662,1.3567560000001322
623,1618.6523,2437,1618.490157,0.954541802406311,0.16214300000001458
629,1621.5806,973,1619.97498,0.8173332810401917,1.6056200000000445
632,1618.6523,20,1620.667554,0.8883957862854004,-2.015254000000141
634,1621.582,1688,1623.266766,0.8263046145439148,-1.684765999999854
635,1627.4414,2699,1623.033861,0.8661721348762512,4.4075390000000425
639,1621.582,2603,1625.613361,0.8286513686180115,-4.031360999999833
640,1624.5117,326,1624.509106,0.8586099743843079,0.002594000000044616
641,1627.4414,1613,1626.141606,0.9787585735321045,1.2997940000000199
644,1621.582,2998,1616.994068,0.7969527840614319,4.587932000000137
648,1624.5117,2944,1624.003655,0.944494903087616,0.5080450000000383
649,1627.44,1157,1622.946558,0.799737274646759,4.493441999999959
650,1627.4414,1049,1626.130161,0.8492036461830139,1.3112389999998868
651,1621.5806,833,1621.238359,0.7773297429084778,0.3422410000000582
652,1618.6509,1344,1618.087364,0.8164089322090149,0.5635360000001128
653,1627.4414,903,1626.130996,0.7643553018569946,1.310403999999835
654,1618.6523,2475,1619.126924,0.7751712799072266,-0.47462399999994886
656,1624.5117,2650,1624.039091,0.872778594493866,0.47260899999992034
659,1627.4414,2723,1623.9634,0.9033661484718323,3.477999999999838
668,1627.4414,1660,1626.10387,0.8632318377494812,1.3375300000000152
670,1618.6509,2384,1622.363613,0.899482786655426,-3.7127129999998942
671,1618.6523,2715,1621.54956,0.9081724882125854,-2.89725999999996
672,1618.6523,854,1618.57171,0.8816993236541748,0.08059000000002925
674,1618.6523,2369,1619.418246,0.8765810132026672,-0.7659459999999854
675,1618.6523,359,1620.910294,0.9254141449928284,-2.2579940000000533
677,1618.6523,2716,1622.436872,0.9933362603187561,-3.7845720000000256
678,1618.6523,742,1621.491208,0.9195926189422607,-2.8389079999999467
680,1618.6523,2477,1619.872729,0.8608995676040649,-1.2204289999999673
681,1624.5117,994,1623.186882,0.861391007900238,1.3248180000000502
683,1621.582,2309,1620.176508,0.7618249654769897,1.4054920000000948
691,1618.6523,2149,1619.703066,0.8339099884033203,-1.050766000000067
696,1618.6509,1954,1619.82584,0.8258519768714905,-1.1749399999998786
697,1621.582,651,1619.262557,0.8153579235076904,2.319443000000092
699,1624.5117,2385,1622.148223,0.7924919724464417,2.3634770000001026
703,1621.5806,2051,1622.374456,0.7241643667221069,-0.7938560000000052
710,1624.5117,1597,1622.571611,0.876227080821991,1.9400889999999436
714,1627.4414,2187,1626.089162,0.7939427495002747,1.352237999999943
717,1624.5117,1193,1623.064382,0.7144879102706909,1.4473179999999957
720,1624.5117,2990,1622.886339,0.7406614422798157,1.6253610000001117
721,1624.5117,2967,1622.910205,0.7919347882270813,1.6014950000001136
723,1627.44,611,1623.063963,0.8542717695236206,4.376036999999997
725,1627.4414,1652,1623.01378,0.8563135862350464,4.4276199999999335
726,1618.6523,1041,1622.764261,0.9129799604415894,-4.111961000000065
728,1618.6523,277,1619.851897,0.947213351726532,-1.1995970000000398
730,1618.6523,294,1620.041647,0.8228764533996582,-1.3893470000000434
731,1618.6523,1223,1623.044405,0.8829358220100403,-4.392105000000129
733,1618.6523,2338,1620.238503,0.9395614266395569,-1.5862030000000686
734,1618.6523,1247,1618.888915,0.800209105014801,-0.23661500000002889
735,1618.6523,562,1620.288187,0.9286600351333618,-1.6358870000001389
736,1618.6523,2833,1618.132026,0.9692862629890442,0.5202739999999721
737,1627.4414,477,1625.859277,0.9318713545799255,1.5821229999999105
742,1621.582,123,1620.798181,0.9481880068778992,0.783818999999994
743,1627.4414,683,1626.07755,0.8514184355735779,1.3638499999999567
747,1627.4414,321,1623.525697,0.8177916407585144,3.915702999999894
749,1624.5117,2652,1624.090143,0.8463293313980103,0.42155700000012075
752,1627.44,2046,1626.074034,0.9285702109336853,1.3659660000000713
753,1621.582,2713,1620.698154,0.782257080078125,0.883846000000176
754,1624.5117,2224,1623.017172,0.8609539270401001,1.4945279999999457
755,1627.4414,1819,1626.250606,0.7817548513412476,1.190793999999869
756,1621.582,2672,1625.803563,0.9119976758956909,-4.221562999999833
757,1627.4414,1251,1626.251626,0.9029538631439209,1.189773999999943
758,1621.582,1222,1616.995985,0.7843207120895386,4.5860150000000885
762,1621.582,2154,1624.241636,0.8977272510528564,-2.659635999999864
763,1624.5117,1680,1625.922446,0.9157454371452332,-1.4107460000000174
764,1627.4414,1731,1626.08983,0.8930690884590149,1.351570000000038
766,1624.5117,1919,1620.396509,0.8291402459144592,4.115191000000095
767,1624.5117,32,1625.830642,0.9453661441802979,-1.318941999999879
772,1621.5806,2435,1624.508196,0.8713539838790894,-2.927595999999994
778,1621.582,1237,1616.693281,0.8048866391181946,4.888719000000037
779,1624.5117,1214,1620.331493,0.8577315211296082,4.1802070000001095
781,1627.4414,859,1626.096102,0.8539568781852722,1.345297999999957
785,1624.5117,2308,1622.678932,0.9644375443458557,1.8327679999999873
786,1627.4414,342,1626.083564,0.8261914849281311,1.3578359999999066
790,1621.582,2232,1618.463066,0.8828099966049194,3.118934000000081
791,1618.6523,2286,1620.959655,0.8436009883880615,-2.3073550000001433
792,1627.4414,392,1625.263226,0.8401481509208679,2.178173999999899
793,1618.6523,2000,1619.967512,0.837929904460907,-1.315211999999974
794,1627.4414,1700,1626.081423,0.9159789085388184,1.3599769999998443
795,1624.5117,1370,1625.062766,0.7482920289039612,-0.5510659999999916
798,1618.6523,1126,1619.38298,0.9278178811073303,-0.7306800000001203
799,1618.6523,218,1619.551255,0.9532046914100647,-0.8989550000001145
801,1618.6523,2539,1618.259677,0.8987477421760559,0.39262299999995776
802,1618.6523,1624,1618.836089,0.966861367225647,-0.18378899999993337
803,1618.6523,2565,1622.939047,0.8897833228111267,-4.286747000000105
804,1618.6523,1435,1620.863224,0.9512354135513306,-2.2109239999999772
806,1618.6523,2817,1623.555791,0.9591671824455261,-4.903491000000031
808,1621.582,41,1620.074814,0.9166653752326965,1.507186000000047
809,1621.582,1137,1620.557922,0.7893543243408203,1.024078000000145
814,1621.582,694,1624.818049,0.7938412427902222,-3.2360489999998663
816,1627.4414,68,1626.104258,0.9276685118675232,1.337141999999858
818,1621.582,2403,1624.511719,0.8828076720237732,-2.9297189999999773
819,1624.5117,740,1624.994776,0.9367048144340515,-0.48307599999998274
821,1624.5103,93,1627.994754,0.8791141510009766,-3.4844540000001416
823,1621.582,1637,1622.183497,0.7951545715332031,-0.6014969999998812
824,1621.582,1975,1620.531698,0.7591671347618103,1.0503020000001015
825,1627.4414,2030,1626.072994,0.8937014937400818,1.3684059999998226
826,1621.582,2743,1619.892418,0.8256069421768188,1.6895820000002004
827,1627.4414,2413,1623.442892,0.8760665059089661,3.9985079999999016
830,1624.5117,1315,1621.898104,0.7633858323097229,2.613595999999916
831,1624.5117,887,1627.994271,0.8977187871932983,-3.482571000000007
832,1621.582,1319,1624.927565,0.8830254077911377,-3.3455649999998514
833,1627.4414,2994,1622.874395,0.8836035132408142,4.567004999999881
835,1624.5117,777,1623.365046,0.7732706069946289,1.146654000000126
836,1621.582,2130,1618.941067,0.9052388668060303,2.640933000000132
837,1624.5117,2917,1624.895037,0.8326866626739502,-0.38333699999998316
838,1627.4414,2147,1626.080103,0.8876058459281921,1.3612969999999223
840,1624.5117,1517,1623.111798,0.8145734071731567,1.399902000000111
842,1624.5117,2582,1622.836875,0.8257107138633728,1.6748250000000553
843,1627.4414,1133,1625.499506,0.8145087361335754,1.9418939999998202
844,1627.4414,1010,1623.858777,0.8592198491096497,3.5826230000000123
847,1621.582,1501,1620.989037,0.6661094427108765,0.5929630000000543
848,1627.4414,1923,1626.142144,0.8474704027175903,1.299256000000014
849,1627.4414,869,1622.452877,0.814249575138092,4.9885229999999865
854,1618.6523,1267,1620.536171,0.8790712952613831,-1.8838709999999992
858,1627.4414,2642,1626.072776,0.7478924989700317,1.3686239999999543
863,1621.582,2807,1620.843125,0.8902116417884827,0.7388750000000073
864,1621.582,890,1618.174913,0.794021725654602,3.407087000000047
867,1621.582,1871,1616.886171,0.8000748753547668,4.695829000000003
869,1624.5117,1686,1621.197366,0.8521736860275269,3.314333999999917
871,1627.4414,792,1626.071194,0.9346275329589844,1.3702059999998255
872,1621.582,2600,1623.8402,0.9441132545471191,-2.258199999999988
873,1624.5117,738,1622.937611,0.9519092440605164,1.574088999999958
878,1621.582,300,1618.306389,0.7959043383598328,3.2756110000000263
880,1627.4414,1571,1625.091841,0.8972527980804443,2.3495589999999993
881,1624.5117,1192,1626.121711,0.915700376033783,-1.6100109999999859
882,1624.5117,1033,1621.256556,0.9197412133216858,3.255143999999973
885,1624.5117,918,1619.727245,0.9097740650177002,4.78445499999998
886,1627.4414,646,1625.748723,0.8346064686775208,1.6926770000000033
890,1618.6523,518,1621.596554,0.8411546945571899,-2.944254000000001
891,1618.6523,2977,1622.463856,0.8955689668655396,-3.8115560000001096
892,1618.6523,1942,1618.11009,0.8062025308609009,0.5422100000000682
893,1618.6523,1159,1619.461052,0.9090721011161804,-0.8087520000001405
896,1621.582,1540,1625.085206,0.8586288094520569,-3.5032059999998637
898,1627.4414,2168,1624.45506,0.8380191922187805,2.9863399999999274
899,1627.4414,1311,1623.557371,0.9145344495773315,3.8840289999998276
901,1624.5117,1519,1619.588259,0.9181163311004639,4.923440999999912
902,1627.4414,2639,1626.101619,0.9042812585830688,1.3397809999999026
905,1624.5117,1866,1623.509218,0.8985946178436279,1.0024820000001
911,1621.582,351,1619.173409,0.8419688940048218,2.408591000000115
912,1621.582,691,1624.904928,0.7650750875473022,-3.32292799999982
913,1621.5806,627,1620.427751,0.7319390177726746,1.1528490000000602
915,1624.5117,2417,1620.924372,0.8311542272567749,3.5873280000000705
921,1627.4414,2099,1622.590142,0.810899019241333,4.851257999999916
922,1624.5117,1539,1626.994729,0.8898306488990784,-2.4830289999999877
928,1621.582,2310,1618.829451,0.8384009003639221,2.7525490000000445
930,1627.44,1843,1626.123925,0.8186954855918884,1.3160749999999553
931,1627.4414,2895,1623.375527,0.8028045892715454,4.0658730000000105
933,1621.5806,2736,1618.094869,0.7648111581802368,3.485730999999987
936,1618.6523,2822,1620.710118,0.9104644060134888,-2.0578179999999975
937,1621.582,981,1623.540753,0.7005130648612976,-1.9587529999998878
942,1627.4414,58,1624.961094,0.9543915390968323,2.4803059999999277
943,1624.5103,990,1622.994913,0.8710139393806458,1.5153869999999188
944,1618.6509,1039,1622.266572,0.8358754515647888,-3.615671999999904
945,1618.6523,2272,1620.617816,0.8469476699829102,-1.9655159999999796
946,1618.6523,217,1620.61878,0.937014639377594,-1.9664800000000469
947,1618.6523,2068,1622.245925,0.8075157999992371,-3.5936249999999745
948,1618.6523,1342,1620.125874,0.9716797471046448,-1.4735740000000987
949,1618.6523,299,1622.033437,0.9493222236633301,-3.3811370000000807
951,1624.5117,2329,1621.440598,0.8245077729225159,3.07110200000011
952,1621.582,2488,1625.827583,0.9106645584106445,-4.245582999999897
954,1618.6523,811,1622.981611,0.8499497771263123,-4.3293109999999615
955,1621.582,1099,1622.186653,0.7129932641983032,-0.6046529999998711
957,1624.5117,1744,1622.52333,0.9714066982269287,1.9883700000000317
958,1627.4414,1411,1625.786091,0.8498373627662659,1.6553089999999884
964,1621.582,1160,1624.196454,0.8149967789649963,-2.614453999999796
967,1621.582,2983,1624.987951,0.7630276083946228,-3.405950999999959
969,1621.582,340,1621.546201,0.7629685401916504,0.03579899999999725
970,1621.582,1040,1619.040635,0.8326457738876343,2.5413650000000416
971,1618.6523,1615,1618.166911,0.8928143382072449,0.485388999999941
972,1627.4414,52,1626.107745,0.9254711270332336,1.3336549999999079
979,1618.6523,1732,1618.091844,0.8869380354881287,0.560455999999931
980,1624.5117,1794,1621.939383,0.6543751358985901,2.572317000000112
981,1627.4414,2940,1626.096116,0.9482024312019348,1.3452839999999924
985,1621.582,1889,1619.933001,0.8008275032043457,1.6489990000000034
987,1618.6523,1854,1618.327604,0.9176249504089355,0.3246959999999035
988,1627.4414,1463,1626.115951,0.9348745942115784,1.325448999999935
989,1621.582,2505,1618.09122,0.8135607242584229,3.490780000000086
990,1624.5117,245,1626.248807,0.8233828544616699,-1.7371069999999236
992,1621.582,660,1624.235091,0.727118730545044,-2.653090999999904
993,1621.582,99,1619.680722,0.8862955570220947,1.9012780000000475
994,1621.582,1632,1621.085409,0.9011266231536865,0.4965910000000804
996,1624.5117,610,1622.170622,0.9250423908233643,2.341077999999925
997,1621.582,934,1618.545189,0.8111075162887573,3.0368110000001707
998,1621.582,1949,1619.273792,0.9141517281532288,2.3082080000001497
1001,1621.582,2814,1625.27463,0.8683664798736572,-3.692629999999781
1003,1627.4414,6,1623.661967,0.8737040758132935,3.7794329999999263
1008,1627.4414,2914,1626.078442,0.7655388712882996,1.362957999999935
1009,1624.5117,2947,1622.881299,0.8695929646492004,1.63040100000012
1010,1621.582,2165,1624.02908,0.9271880388259888,-2.4470799999999144
1014,1624.5117,704,1620.597898,0.8635869026184082,3.9138020000000324
1015,1618.6523,1071,1618.180478,0.8704571723937988,0.47182199999997465
1017,1621.582,2163,1619.140106,0.9377129673957825,2.4418940000000475
1018,1621.582,1649,1618.307377,0.9090700745582581,3.2746230000000196
1021,1618.6523,499,1623.17944,0.8541090488433838,-4.527140000000145
1022,1624.5117,368,1627.431038,0.8479745388031006,-2.919337999999925
1023,1621.582,2840,1619.291475,0.8886004686355591,2.290525000000116
1025,1624.5117,2735,1623.023163,0.8308807611465454,1.4885369999999511
1027,1618.6509,1147,1621.099806,0.9036687612533569,-2.4489059999998517
1032,1618.6523,2731,1620.907115,0.9245275855064392,-2.254815000000008
1034,1627.4414,2636,1622.470225,0.8813897967338562,4.971174999999903
1036,1618.6523,1814,1620.087395,0.7761234045028687,-1.4350950000000466
1043,1624.5117,1921,1623.203994,0.9136053919792175,1.3077060000000529
1047,1627.44,1425,1625.859483,0.9181140661239624,1.5805170000000999
1049,1627.4414,64,1622.539697,0.890066921710968,4.901702999999998
1052,1627.4414,1322,1626.080853,0.7326322793960571,1.3605469999999968
1053,1621.5806,2044,1619.586222,0.7496345043182373,1.994378000000097
1054,1624.5117,2089,1622.776729,0.8599258661270142,1.7349710000000869
1055,1618.6523,394,1623.021365,0.8520328998565674,-4.3690650000000915
1056,1627.4414,541,1626.119563,0.9422811269760132,1.3218369999999595
1061,1627.44,2844,1624.389441,0.8802123069763184,3.050559000000021
1064,1624.5117,1255,1620.136008,0.8458864092826843,4.375692000000072
1065,1621.582,2078,1625.09026,0.7970471382141113,-3.5082599999998365
1069,1621.582,1564,1618.22979,0.7650828957557678,3.3522100000000137
1070,1624.5117,2976,1620.843681,0.9738585948944092,3.6680189999999584
1072,1624.5117,1331,1625.656815,0.9269843101501465,-1.1451150000000325
1077,1627.4414,2087,1626.130035,0.896303653717041,1.3113650000000234
1078,1627.4414,1935,1626.117181,0.9413287043571472,1.3242189999998573
1080,1624.5117,2808,1620.546964,0.8517343997955322,3.96473600000013
1083,1621.582,2070,1618.524696,0.7861027121543884,3.0573040000001583
1085,1627.4414,1407,1625.674567,0.898664116859436,1.766832999999906
1086,1624.5117,1078,1625.265503,0.8189288973808289,-0.7538030000000617
1087,1627.4414,573,1626.123117,0.764221727848053,1.3182829999998376
1088,1621.5806,1656,1621.215186,0.8880259990692139,0.3654140000001007
1090,1624.5117,533,1626.994849,0.9416981339454651,-2.483148999999912
1091,1627.4414,1158,1624.120493,0.8231393098831177,3.320907000000034
1092,1621.582,404,1623.30824,0.7615612149238586,-1.7262399999999616
1094,1627.4414,1593,1626.103079,0.8973634243011475,1.3383209999999508
1107,1618.6523,817,1620.224072,0.88558030128479,-1.57177200000001
1108,1618.6523,2816,1619.497136,0.9131423234939575,-0.8448359999999866
1109,1618.6523,2671,1622.667004,0.905566930770874,-4.014703999999938
1110,1618.6523,961,1618.258076,0.9060326218605042,0.39422399999989466
1111,1624.5117,1484,1625.378491,0.8392881751060486,-0.866790999999921
1112,1621.582,1511,1618.124591,0.8384044766426086,3.457409000000098
1115,1624.5117,1334,1621.151067,0.7145083546638489,3.360633000000007
1118,1624.5117,424,1624.006871,0.8374162316322327,0.5048289999999724
1120,1627.4414,437,1624.324749,0.8294937610626221,3.1166509999998198
1122,1618.6523,484,1622.111181,0.9449203014373779,-3.4588810000000194
1126,1621.5806,1470,1624.88912,0.7877861857414246,-3.308520000000044
1128,1624.5117,632,1620.479546,0.9549877047538757,4.032153999999991
1129,1624.5117,467,1620.523942,0.8958584666252136,3.9877579999999853
1133,1624.5117,2961,1621.483876,0.9401552081108093,3.0278240000000096
1135,1624.5117,2711,1622.453425,0.9330409169197083,2.0582750000000942
1136,1624.5117,1595,1622.129808,0.8145438432693481,2.381892000000107
1137,1618.6523,1981,1619.924474,0.8505920171737671,-1.27217399999995
1138,1618.6523,1811,1619.692425,0.8450263738632202,-1.040124999999989
1139,1618.6509,1645,1620.326231,0.8595037460327148,-1.6753309999999146
1141,1627.4414,676,1622.87839,0.7853742241859436,4.563009999999849
1143,1624.5117,829,1619.895766,0.9115047454833984,4.615933999999925
1145,1627.4414,1916,1625.575184,0.8520565032958984,1.8662159999998948
1147,1621.582,1522,1618.918443,0.8113475441932678,2.6635570000000826
1148,1621.582,2455,1619.16286,0.7823567986488342,2.4191400000001977
1149,1624.5117,2547,1624.854717,0.9585627913475037,-0.34301699999991797
1155,1627.4414,488,1623.165848,0.75770103931427,4.275551999999834
1157,1615.7227,1885,1619.075049,0.7874451875686646,-3.352349000000004
1158,1624.5117,2039,1625.160894,0.7641782760620117,-0.6491940000000795
1161,1624.5103,1183,1620.517546,0.7576904296875,3.992753999999877
1168,1621.582,2376,1619.336633,0.7513139843940735,2.245367000000215
1171,1621.582,1101,1618.080044,0.8751228451728821,3.501956000000064
1172,1618.6509,2169,1623.469032,0.9617448449134827,-4.818131999999878
1173,1618.6509,653,1620.491121,0.8296483755111694,-1.8402209999999286
1174,1618.6509,769,1619.174107,0.9260690212249756,-0.5232069999999567
1175,1618.6523,2360,1622.994611,0.8034675717353821,-4.342311000000109
1181,1621.582,2962,1619.213238,0.8782827854156494,2.3687620000000607
1182,1621.582,1367,1624.136008,0.797726035118103,-2.5540079999998397
1184,1618.6523,258,1619.493286,0.9456952810287476,-0.8409859999999298
1185,1621.582,2561,1618.269074,0.785713791847229,3.3129260000000613
1186,1621.582,700,1625.600182,0.7425448894500732,-4.018181999999797
1187,1621.582,2522,1619.418151,0.8103060722351074,2.1638490000000274
1188,1621.582,2043,1618.237984,0.783535361289978,3.3440160000000105
1189,1621.582,2883,1621.126237,0.9434366226196289,0.4557630000001609
1190,1621.582,1232,1619.999497,0.6990418434143066,1.582503000000088
1192,1621.582,2495,1616.683532,0.7967627048492432,4.8984680000000935
1196,1618.6523,733,1622.658952,0.9096512794494629,-4.006652000000031
1197,1618.6523,1332,1622.416736,0.8401051759719849,-3.7644359999999324
1198,1618.6509,2916,1619.980568,0.9511362314224243,-1.329667999999856
1199,1618.6523,2865,1618.741196,0.9713436961174011,-0.088895999999977
1200,1627.4414,874,1626.088623,0.9271414875984192,1.3527769999998327
1201,1621.582,2552,1619.374003,0.8091272115707397,2.207997000000205
1204,1624.5117,592,1622.126034,0.7767325043678284,2.3856660000001284
1206,1618.6523,1073,1619.001777,0.9042086005210876,-0.34947699999997894
1207,1621.582,734,1625.711435,0.879407525062561,-4.12943499999983
1208,1621.582,1574,1622.586619,0.8747718930244446,-1.0046189999998205
1209,1621.582,1129,1618.871944,0.7603957653045654,2.7100560000001224
1211,1624.5103,1768,1626.994807,0.9148082137107849,-2.4845070000001215
1215,1621.582,1764,1618.088194,0.7407288551330566,3.493806000000177
1219,1621.582,624,1623.894263,0.7303404211997986,-2.3122629999998026
1220,1618.6523,2009,1621.02663,0.8906384706497192,-2.3743300000001
1223,1618.6523,1761,1619.523679,0.9225785136222839,-0.8713789999999335
1225,1627.4414,2317,1623.833545,0.7816969156265259,3.6078549999999723
1226,1621.582,209,1622.769361,0.7229915857315063,-1.1873609999997825
1228,1618.6523,1705,1622.365843,0.8344569206237793,-3.7135430000000724
1230,1621.582,2134,1620.624986,0.8782642483711243,0.957014000000072
1231,1624.5117,764,1623.748843,0.8168099522590637,0.7628569999999399
1232,1618.6523,2830,1619.891688,0.8845532536506653,-1.2393879999999626
1234,1627.44,512,1624.419597,0.8017286062240601,3.0204029999999875
1235,1618.6509,1152,1617.226778,0.8603662252426147,1.424122000000125
1236,1621.582,967,1620.61937,0.7674160599708557,0.9626300000002175
1237,1624.5117,2022,1620.010064,0.8838011622428894,4.501635999999962
1239,1621.5806,2215,1619.701697,0.8197601437568665,1.8789030000000366
1244,1618.6523,608,1619.782213,0.8700098395347595,-1.1299129999999877
1247,1618.6523,945,1623.250298,0.7511775493621826,-4.597997999999961
1250,1621.582,1112,1623.386121,0.8363756537437439,-1.8041209999998955
1251,1621.582,407,1624.372417,0.6995039582252502,-2.790416999999934
1252,1627.4414,2590,1626.077419,0.9432916045188904,1.363980999999967
1255,1624.5117,257,1624.546375,0.828976035118103,-0.03467499999987922
1256,1624.5117,203,1625.521534,0.8603747487068176,-1.0098339999999553
1257,1618.6523,2113,1621.912316,0.8621221780776978,-3.2600159999999505
1258,1618.6523,1575,1620.092427,0.9490960240364075,-1.440127000000075
1259,1618.6523,166,1619.903491,0.9288040399551392,-1.2511910000000626
1260,1618.6523,335,1623.07346,0.9653485417366028,-4.4211600000001
1261,1618.6523,2453,1618.078776,0.9028342366218567,0.5735239999999067
1264,1621.5806,2783,1625.43691,0.8405563831329346,-3.856309999999894
1266,1627.4414,989,1626.126048,0.7563345432281494,1.315351999999848
1267,1621.582,1363,1624.33932,0.938575267791748,-2.757319999999936
1270,1621.582,1098,1626.421086,0.8533154129981995,-4.839085999999952
1273,1624.5117,1810,1621.994614,0.8070703148841858,2.517086000000063
1275,1624.5117,2862,1623.853583,0.8386766314506531,0.6581169999999474
1277,1627.4414,1813,1626.087142,0.8118417859077454,1.3542579999998452
1279,1624.5117,2755,1623.311746,0.9061686396598816,1.1999539999999342
1280,1621.582,1119,1622.883031,0.8897516131401062,-1.3010309999999663
1281,1618.6523,7,1621.058725,0.8951664566993713,-2.4064250000001266
1282,1618.6523,1629,1621.70719,0.9247411489486694,-3.054890000000114
1286,1618.6523,2806,1620.782853,0.8161394596099854,-2.1305529999999635
1287,1627.4414,295,1626.112034,0.9701806306838989,1.3293659999999363
1288,1624.5117,639,1623.268023,0.8705061078071594,1.2436769999999342
1291,1624.5117,1521,1621.177364,0.9231621623039246,3.334336000000121
1292,1621.582,2471,1618.156174,0.7536213397979736,3.425826000000143
1293,1624.5117,2901,1622.261709,0.8616835474967957,2.249990999999909
1296,1624.5117,2379,1622.689356,0.9682291746139526,1.82234399999993
1297,1621.582,1642,1618.925229,0.912418007850647,2.6567710000001625
1299,1618.6523,1179,1621.413365,0.8840234279632568,-2.761065000000144
1301,1618.6523,2748,1618.469613,0.8554447889328003,0.18268699999998717
1304,1618.6523,2879,1619.901898,0.9913254976272583,-1.2495980000001055
1305,1618.6523,1963,1622.278179,0.8641183972358704,-3.625878999999941
1306,1618.6523,685,1620.169024,0.9050512909889221,-1.5167240000000675
1308,1621.582,1790,1620.555902,0.9286941885948181,1.0260980000000473
1311,1621.582,2738,1625.043211,0.8354315161705017,-3.461210999999821
1316,1618.6523,686,1620.60806,0.8837689161300659,-1.9557600000000548
1318,1624.5117,1002,1624.981759,0.8295568823814392,-0.470058999999992
1319,1624.5117,2722,1621.901128,0.9302842020988464,2.6105720000000474
1322,1621.582,2120,1620.122077,0.8047980666160583,1.459923000000117
1324,1618.6523,1354,1618.261364,0.8497510552406311,0.3909360000000106
1326,1624.5117,1349,1623.203502,0.7128843069076538,1.3081979999999476
1327,1621.582,2001,1624.708369,0.9433425068855286,-3.1263689999998405
1328,1624.5117,278,1620.781356,0.7707411050796509,3.730344000000059
1329,1621.582,347,1618.934825,0.8240236639976501,2.647175000000061
1330,1627.4414,1445,1625.024462,0.7475560307502747,2.4169379999998455
1331,1624.5117,1767,1620.723688,0.8079183101654053,3.7880119999999806
1332,1621.582,292,1618.230147,0.9371038675308228,3.351853000000119
1333,1624.5117,581,1626.074499,0.7860921621322632,-1.562799000000041
1335,1618.6523,1169,1621.618018,0.862248420715332,-2.9657179999999244
1342,1621.582,1017,1619.487117,0.9329595565795898,2.094883000000209
1343,1621.582,1856,1623.12046,0.8567665815353394,-1.5384599999999864
1344,1621.582,2618,1619.82163,0.7779783606529236,1.7603700000001936
1346,1618.6523,2207,1619.416706,0.9692037105560303,-0.7644060000000081
1347,1618.6523,971,1622.070098,0.8653016090393066,-3.417797999999948
1348,1624.5103,2420,1620.214186,0.7996676564216614,4.296113999999989
1350,1624.5117,747,1621.188926,0.8385912179946899,3.3227739999999812
1352,1618.6523,712,1619.582313,0.8897750377655029,-0.9300130000001445
1356,1624.5103,1439,1620.640825,0.88919997215271,3.869474999999966
1358,1627.4414,2214,1622.553513,0.8713123202323914,4.887886999999864
1360,1618.6509,537,1620.733883,0.920221209526062,-2.082983000000013
1361,1621.5806,788,1620.749152,0.717616856098175,0.8314479999999094
1362,1624.5103,2856,1623.028499,0.8739719986915588,1.4818009999999049
1363,1624.5117,279,1622.59212,0.7968687415122986,1.9195799999999963
1364,1624.5117,1390,1620.247333,0.8611553311347961,4.264366999999993
1366,1618.6523,640,1619.914287,0.929349422454834,-1.2619870000000901
1368,1621.5806,2276,1621.909428,0.9781172275543213,-0.3288279999999304
1369,1621.582,1058,1625.690952,0.8190862536430359,-4.108951999999817
1371,1621.5806,1958,1625.378986,0.8772081732749939,-3.7983859999999368
1373,1618.6523,2624,1619.670823,0.9238235950469971,-1.0185229999999592
1374,1624.5117,2932,1620.406995,0.881483793258667,4.104704999999967
1375,1624.5117,1884,1623.113888,0.9350678324699402,1.3978119999999308
1376,1618.6523,2139,1620.887325,0.9307013154029846,-2.2350249999999505
1379,1624.5117,2536,1619.564252,0.7655994296073914,4.947448000000122
1380,1624.5117,222,1622.778165,0.8437143564224243,1.7335350000000744
1382,1615.7227,1646,1618.710112,0.8860793709754944,-2.9874119999999493
1383,1621.582,1239,1623.401161,0.765056312084198,-1.8191609999998946
1385,1624.5117,2503,1621.09839,0.7699791193008423,3.4133099999999104
1386,1624.5117,1374,1620.031189,0.9334355592727661,4.480510999999979
1389,1618.6509,122,1621.209794,0.9250550270080566,-2.5588940000000093
1390,1624.5117,1803,1623.093833,0.8250645995140076,1.4178670000001148
1395,1618.6523,2288,1619.915762,0.9307592511177063,-1.2634620000001178
1396,1618.6523,2880,1620.540683,0.8955544233322144,-1.8883829999999762
1397,1618.6523,975,1615.7715,0.8748942613601685,2.8807999999999083
1398,1618.6523,650,1618.047408,0.8679278492927551,0.6048920000000635
1401,1621.582,141,1624.919177,0.7834326028823853,-3.3371769999998833
1403,1624.5117,1388,1621.232992,0.902096152305603,3.2787080000000515
1405,1621.582,2920,1622.045601,0.7463637590408325,-0.463600999999926
1407,1624.5117,1664,1619.961815,0.8869270086288452,4.549885000000131
1409,1621.582,2142,1619.541926,0.7953358888626099,2.040074000000004
1415,1618.6523,254,1620.718623,0.9212360978126526,-2.0663230000000112
1416,1621.582,1784,1619.32008,0.9874601364135742,2.2619200000001456
1417,1621.582,2877,1618.141957,0.782933235168457,3.4400430000000597
1419,1621.582,530,1618.074632,0.7982656955718994,3.5073680000000422
1420,1624.5117,2312,1619.888785,0.8255523443222046,4.622914999999921
1423,1624.5117,1260,1621.353876,0.7460787296295166,3.1578240000001188
1424,1618.6523,2922,1621.660799,0.9935718774795532,-3.008499000000029
1425,1618.6523,469,1618.774105,0.9330576062202454,-0.12180499999999483
1426,1618.6509,2859,1623.114268,0.9136492013931274,-4.463367999999946
1428,1624.5117,1796,1623.202002,0.7794308066368103,1.3096980000000258
1430,1624.5117,977,1620.445588,0.9173784255981445,4.0661119999999755
1432,1624.5117,2354,1623.237809,0.7748910784721375,1.2738910000000487
1433,1627.4414,2756,1623.896705,0.8765214085578918,3.5446949999998196
1437,1621.582,2660,1618.116726,0.7696301341056824,3.465274000000136
1439,1618.6523,1254,1619.607476,0.9209536910057068,-0.9551759999999376
1440,1618.6523,1347,1621.876222,0.8655953407287598,-3.2239220000001296
1442,1627.4414,2241,1625.910387,0.8549844026565552,1.53101300000003
1444,1621.582,1026,1620.245959,0.7198438048362732,1.336041000000023
1445,1624.5117,1414,1622.861755,0.8433926701545715,1.6499450000001161
1446,1621.582,1384,1624.215444,0.9201730489730835,-2.6334439999998267
1447,1618.6523,200,1623.160872,0.8989569544792175,-4.508571999999958
1449,1624.5117,695,1620.066277,0.7550962567329407,4.445423000000119
1451,1618.6523,263,1621.685643,0.9016634821891785,-3.033343000000059
1453,1624.5103,1458,1620.482563,0.8018296957015991,4.027736999999888
1454,1624.5117,1104,1621.384682,0.7611061334609985,3.1270179999999073
1459,1624.5117,1406,1620.618789,0.875868558883667,3.8929109999999127
1460,1624.5117,956,1620.526786,0.7871153354644775,3.984914000000117
1462,1618.6523,115,1620.692309,0.9807383418083191,-2.0400090000000546
1465,1624.5117,1329,1625.679449,0.7608578205108643,-1.167748999999958
1466,1618.6509,1496,1621.861383,0.8025608062744141,-3.21048299999984
1469,1624.5117,741,1620.484337,0.7645124197006226,4.027362999999923
1472,1618.6523,1313,1620.219729,0.8176191449165344,-1.5674289999999473
1474,1624.5117,2546,1623.727547,0.797566831111908,0.7841530000000603
1480,1621.582,1948,1624.879017,0.952197253704071,-3.297016999999869
1482,1624.5117,333,1623.578391,0.7752529382705688,0.9333090000000084
1483,1624.5117,1275,1623.14868,0.8561739921569824,1.363020000000006
1485,1624.5117,570,1626.994704,0.8320482969284058,-2.483003999999937
1486,1624.5117,1602,1623.458569,0.8352524638175964,1.0531310000001213
1487,1621.582,1170,1619.000693,0.7812989950180054,2.5813070000001517
1489,1618.6523,1774,1620.51397,0.8861684799194336,-1.8616700000000037
1490,1621.5806,559,1623.100167,0.8723801970481873,-1.5195670000000518
1491,1621.582,2628,1618.143009,0.9138185381889343,3.4389910000002146
1492,1624.5117,2101,1619.707114,0.7647942304611206,4.804585999999972
1494,1621.582,2557,1621.788992,0.8346970677375793,-0.20699199999990014
1495,1618.6523,1938,1619.308865,0.9232435822486877,-0.6565650000000005
1499,1624.5117,1155,1622.58879,0.8174183368682861,1.9229100000000017
1500,1618.6523,1937,1621.742427,0.9502336978912354,-3.0901269999999386
1501,1618.6523,2594,1618.073255,0.9570608139038086,0.579044999999951
1502,1618.6523,1847,1619.218112,0.8255792260169983,-0.5658120000000508
1504,1627.4414,2392,1626.099117,0.9185097813606262,1.3422829999999522
1505,1618.6523,422,1620.788958,0.9080619215965271,-2.136658000000125
1506,1618.6523,1863,1621.922282,0.9361690282821655,-3.2699820000000273
1508,1618.6523,215,1620.622984,0.8350854516029358,-1.9706840000001193
1511,1618.6523,216,1618.295987,0.9192129969596863,0.3563130000000001
1514,1621.582,13,1624.114703,0.908150315284729,-2.532702999999856
1521,1621.582,2517,1623.804054,0.7878623008728027,-2.2220539999998437
1522,1624.5117,2439,1624.994896,0.9505289793014526,-0.48319599999990714
1526,1621.582,522,1624.803518,0.8676148056983948,-3.2215179999998327
1528,1618.6523,413,1619.042499,0.8593459725379944,-0.3901989999999387
1529,1621.582,1724,1618.404178,0.7896464467048645,3.1778220000001056
1530,1618.6523,1210,1619.952346,0.9549277424812317,-1.3000460000000658
1531,1624.5117,31,1623.674886,0.8607389330863953,0.8368140000000039
1532,1624.5117,1245,1622.294934,0.9431585073471069,2.216766000000007
1533,1618.6509,2066,1620.397353,0.8615900874137878,-1.746452999999974
1535,1618.6523,1054,1618.192406,0.8517621159553528,0.45989400000007663
1536,1621.582,323,1618.493409,0.9438369870185852,3.0885910000001786
1537,1624.5117,2640,1620.469318,0.840880274772644,4.042382000000089
1541,1621.582,1792,1620.538479,0.9396048188209534,1.0435210000000552
1542,1618.6509,2593,1623.529776,0.9372156262397766,-4.878875999999991
1543,1621.582,2763,1622.246409,0.7320566177368164,-0.6644089999999778
1544,1624.5117,2325,1621.097982,0.9353183507919312,3.413718000000017
1545,1618.6523,18,1618.2398,0.8842062950134277,0.41249999999990905
1546,1618.6523,2449,1622.549001,0.9337047338485718,-3.896701000000121
1548,1618.6523,1397,1616.279843,0.7996315956115723,2.3724569999999403
1549,1624.5117,1013,1622.010483,0.7498078346252441,2.501216999999997
1551,1624.5117,1252,1622.542729,0.8885604739189148,1.9689710000000105
1552,1618.6523,924,1621.899419,0.9274312853813171,-3.2471190000001116
1553,1618.6523,1362,1618.397484,0.7615484595298767,0.2548159999998916
1554,1624.5117,2876,1622.754646,0.8466325998306274,1.7570539999999255
1556,1624.5117,90,1622.162813,0.8316571712493896,2.3488870000001043
1557,1624.5117,256,1620.27425,0.8152788281440735,4.237450000000081
1558,1618.6523,879,1622.411404,0.9416329264640808,-3.7591039999999794
1559,1618.6523,757,1623.037378,0.9828044176101685,-4.385078000000021
1560,1618.6523,2573,1623.281303,0.8487837314605713,-4.6290030000000115
1561,1624.5117,826,1623.010654,0.8635631203651428,1.5010460000000876
1565,1624.5117,1074,1620.10419,0.7639514803886414,4.407510000000002
1570,1624.5117,1922,1623.669857,0.7740740180015564,0.8418429999999262
1584,1618.6523,144,1619.507126,0.9074261784553528,-0.8548260000000028
1585,1618.6509,799,1618.058053,0.9154745936393738,0.5928470000001198
1586,1618.6523,2501,1620.033821,0.9780421257019043,-1.3815210000000206
1588,1618.6523,2002,1619.535148,0.8165861368179321,-0.8828479999999672
1589,1621.5806,220,1618.258048,0.860576331615448,3.322552000000087
1590,1615.7227,1533,1620.564812,0.82721346616745,-4.842112000000043
1591,1618.6523,1860,1620.830985,0.9125080108642578,-2.178685000000087
1593,1621.582,2861,1625.679346,0.6934388875961304,-4.0973459999997885
1595,1621.582,711,1618.463024,0.8189444541931152,3.1189760000002025
1598,1618.6523,1110,1619.475072,0.8808950781822205,-0.8227719999999863
1599,1618.6523,1618,1621.508072,0.8923229575157166,-2.8557720000001154
1603,1618.6509,1701,1619.462082,0.8808380961418152,-0.811181999999917
1606,1618.6523,1596,1620.23851,0.8639480471611023,-1.5862099999999373
1608,1618.6523,1703,1623.375684,0.9242201447486877,-4.723384000000124
1613,1618.6523,2352,1623.27393,0.8302984833717346,-4.621630000000096
1615,1618.6523,2529,1618.089454,0.8345237970352173,0.5628460000000359
1618,1624.5117,1557,1624.043707,0.7173252701759338,0.46799299999997857
1619,1618.6523,345,1620.558886,0.8666724562644958,-1.9065860000000612
1622,1621.582,1940,1618.104116,0.8639870285987854,3.477884000000131
1625,1618.6523,416,1622.866653,0.8772637248039246,-4.214353000000074
1628,1624.5117,2014,1624.994287,0.95669025182724,-0.4825869999999668
1629,1618.6523,1944,1620.868958,0.8643066883087158,-2.216658000000052
1631,1624.5117,897,1622.984592,0.6738772392272949,1.5271079999999984
1632,1621.582,1726,1624.393716,0.8582515716552734,-2.811715999999933
1634,1621.582,1144,1619.544338,0.8748558163642883,2.037662000000182
1640,1624.5103,1702,1622.620155,0.8584462404251099,1.8901449999998476
1641,1618.6523,1895,1623.080425,0.8211405873298645,-4.428125000000136
1642,1618.6523,1368,1620.657558,0.9578407406806946,-2.00525800000014
1646,1618.6523,1777,1618.858402,0.9360584020614624,-0.20610200000010082
1647,1618.6523,483,1621.193787,0.9042549133300781,-2.541486999999961
1648,1618.6509,126,1618.533435,0.899401843547821,0.11746500000003834
1652,1618.6523,2184,1623.579738,0.8434969186782837,-4.927437999999938
1654,1624.5117,1180,1622.66699,0.909093976020813,1.8447100000000773
1655,1618.6509,1061,1622.29729,0.9319795370101929,-3.646389999999883
1657,1618.6523,380,1621.207813,0.8635249733924866,-2.555513000000019
1659,1618.6523,1164,1621.592478,0.8839867115020752,-2.94017800000006
1660,1618.6523,579,1619.763639,0.9089446067810059,-1.1113390000000436
1665,1618.6523,2838,1619.881933,0.9501619338989258,-1.2296329999999216
1667,1618.6523,2686,1622.700376,0.8795566558837891,-4.048076000000037
1668,1618.6523,2254,1622.63878,0.957890510559082,-3.9864800000000287
1669,1618.6509,2872,1622.883724,0.8775122761726379,-4.232823999999937
1671,1618.6523,1870,1615.821725,0.8834022879600525,2.8305749999999534
1672,1618.6523,2683,1622.406959,0.8760929703712463,-3.754658999999947
1673,1618.6523,1037,1619.17084,0.8850870728492737,-0.51854000000003
1674,1618.6523,1146,1622.938779,0.9528374671936035,-4.286479000000099
1675,1621.582,2516,1626.453082,0.8007667064666748,-4.871081999999888
1678,1618.6523,722,1622.913052,0.9801217913627625,-4.260752000000139
1679,1624.5117,74,1625.114021,0.6983688473701477,-0.6023210000000745
1680,1618.6509,2826,1618.223498,0.9182496070861816,0.42740200000002915
1682,1615.7227,2117,1619.122591,0.7829618453979492,-3.399891000000025
1686,1624.5117,445,1623.999244,0.8776542544364929,0.5124559999999292
1687,1624.5117,452,1623.426427,0.8517814874649048,1.0852729999999156
1689,1618.6523,748,1618.131953,0.9659669399261475,0.5203469999999015
1690,1618.6523,1473,1622.190985,0.9646086096763611,-3.5386849999999868
1691,1618.6523,2175,1621.752332,0.9210686683654785,-3.1000320000000556
1693,1618.6523,1687,1618.258939,0.8168785572052002,0.3933609999999135
1695,1618.6523,816,1623.50004,0.8448585271835327,-4.847739999999931
1697,1618.6523,2607,1621.406889,0.9451144933700562,-2.7545890000001236
